,title,author,VR,VFA,RPA,RCA,OA
0,AClassicEducation_NightOwl,Salamon,0.8714537586151627,0.23121013219931588,0.42116792220975585,0.7554095207565314,0.5302363377801855
1,AimeeNorwich_Child,Salamon,0.9124497319034852,0.4272582127824278,0.8784349865951743,0.9023961126005362,0.6727189081429229
2,AlexanderRoss_GoodbyeBolero,Salamon,0.7329801381322123,0.337068087440257,0.43535240873407405,0.5563896872721033,0.49295891778011863
3,AlexanderRoss_VelvetCurtain,Salamon,0.6807606024997329,0.26771710022953327,0.5632517893387459,0.698151906847559,0.583003305915671
4,Auctioneer_OurFutureFaces,Salamon,0.7612365477948935,0.528329872441412,0.399715129774214,0.6277695716395865,0.4069420010611265
5,AvaLuna_Waterduct,Salamon,0.8187177597641857,0.37636655948553055,0.7383935151068534,0.7720707442888726,0.6440564137004701
6,BigTroubles_Phantom,Salamon,0.9394043370848202,0.6021785681035285,0.13779851770518803,0.3816909140818007,0.24785683245763046
7,BrandonWebster_DontHearAThing,Salamon,0.9014514896867838,0.255948849779184,0.8508924230849364,0.9136745607333843,0.7837335136963138
8,BrandonWebster_YesSirICanFly,Salamon,0.7283112071627046,0.3673469387755102,0.5946279715961716,0.7761654831738191,0.5643460530148559
9,CelestialShore_DieForUs,Salamon,0.7518452908178329,0.45951593243949157,0.4050044286979628,0.4815470918216711,0.4936257967754031
10,ClaraBerryAndWooldog_AirTraffic,Salamon,0.7579099523529097,0.3001785714285714,0.6467690989881685,0.7203276406659885,0.6336222765152782
11,ClaraBerryAndWooldog_Boys,Salamon,0.7483959944834203,0.2872362220856382,0.7754991905018889,0.8732985548959645,0.6804720299557472
12,ClaraBerryAndWooldog_Stella,Salamon,0.869197494996449,0.3438099939663211,0.8152882690941958,0.8910194331461037,0.7110320284697509
13,ClaraBerryAndWooldog_TheBadGuys,Salamon,0.8565660449913478,0.358257477243173,0.864160738319554,0.9210248029225149,0.7135433286228746
14,ClaraBerryAndWooldog_WaltzForMyVictims,Salamon,0.6863052130227703,0.2708473210688868,0.4687805832844001,0.6117309323416193,0.5817808808444459
15,Creepoid_OldTree,Salamon,0.7549578157591607,0.37093134058879584,0.56175087948694,0.7033404937579777,0.544410295812524
16,Debussy_LenfantProdigue,Salamon,0.8048961424332344,0.330852408369611,0.5609132871744148,0.7353692713484998,0.5891289669142471
17,DreamersOfTheGhetto_HeavyLove,Salamon,0.8873604983130029,0.3007828594973218,0.6755774720996626,0.7533869711912795,0.6819505667506297
18,FacesOnFilm_WaitingForGa,Salamon,0.8907724229730258,0.3766123467275333,0.5831343225149748,0.7382061621579298,0.5970213149475012
19,FamilyBand_Again,Salamon,0.8976321238858378,0.41331466395112015,0.7956243810209778,0.809489511119114,0.6389906272530642
20,Handel_TornamiAVagheggiar,Salamon,0.7087795916952618,0.4826973340303189,0.5967210841911892,0.6738068004575232,0.5214233652644731
21,HeladoNegro_MitadDelMundo,Salamon,0.9031041257367387,0.3951188044296312,0.5432612966601179,0.6158742632612967,0.5749672806205509
22,HezekiahJones_BorrowedHeart,Salamon,0.7318419800095193,0.5313500922061536,0.3646358876725369,0.4590195145168967,0.3920367166474433
23,HopAlong_SisterCities,Salamon,0.8182459606293657,0.48539896474265065,0.6643265363719749,0.7569321950186976,0.5945231853186957
24,InvisibleFamiliars_DisturbingWildlife,Salamon,0.8362519790817061,0.2781771730734953,0.7959986566233268,0.834620735978506,0.7352019960715613
25,LizNelson_Coldwar,Salamon,0.804419951639206,0.4459612207634119,0.7639318450205252,0.7709047967159647,0.6572872558393662
26,LizNelson_ImComingHome,Salamon,0.863241373491943,0.3448275862068966,0.7617058972412047,0.7937231080739053,0.6779622690270061
27,LizNelson_Rainfall,Salamon,0.7428230530045556,0.3970684343198581,0.6145780605972956,0.6380793983657531,0.5681132844335778
28,MatthewEntwistle_DontYouEver,Salamon,0.6770914020139427,0.20538973588146875,0.5832687838884586,0.7212432223082882,0.6588942062926382
29,MatthewEntwistle_Lontano,Salamon,0.58018611396459,0.4682530979274043,0.19871291316695872,0.3368179346184059,0.28373850709054077
30,Meaxic_TakeAStep,Salamon,0.8500339988873091,0.4445803768045021,0.43997650985967734,0.7068059590777029,0.46938524085253175
31,Meaxic_YouListen,Salamon,0.8045059175816341,0.3384679003411558,0.3870193450259043,0.5736727030752412,0.4805547350802425
32,Mozart_BesterJungling,Salamon,0.6530424093423479,0.1858725761772853,0.6347791728861182,0.7152515585213802,0.615107673844923
33,Mozart_DiesBildnis,Salamon,0.7548209366391184,0.26091485114139396,0.6000143107581124,0.7434081070444707,0.6010336441021483
34,MusicDelta_80sRock,Salamon,0.9286046511627907,0.054854368932038836,0.93,0.9365116279069767,0.9259433962264151
35,MusicDelta_Beatles,Salamon,0.9006593406593406,0.2540792540792541,0.789010989010989,0.798901098901099,0.7700287264602618
36,MusicDelta_Britpop,Salamon,0.9300736067297581,0.5757695343330702,0.5102523659305994,0.6706098843322819,0.4739665509624487
37,MusicDelta_Country1,Salamon,0.9400494437577256,0.2866496907966533,0.869283065512979,0.8745364647713226,0.7903091060985797
38,MusicDelta_Country2,Salamon,0.8195956454121306,0.137291280148423,0.6842923794712286,0.8273716951788491,0.7342866644496175
39,MusicDelta_Disco,Salamon,0.945840197693575,0.31602172437202986,0.9182454695222405,0.9203047775947282,0.7833085225158168
40,MusicDelta_Gospel,Salamon,0.9743092030143868,0.19584984844952202,0.9651746974195021,0.9827586206896551,0.9061086839886564
41,MusicDelta_Grunge,Salamon,0.86075,0.3428838368109623,0.503,0.7,0.5645541533767855
42,MusicDelta_Hendrix,Salamon,0.8004694835680751,0.08979591836734693,0.267018779342723,0.5903755868544601,0.585258847616262
43,MusicDelta_Punk,Salamon,0.975071516142215,0.518341307814992,0.913363302002452,0.9550469963220269,0.6940464177598386
44,MusicDelta_Reggae,Salamon,0.9549393414211439,0.2366576819407008,0.9410745233968805,0.9748700173310225,0.8185443668993021
45,MusicDelta_Rock,Salamon,0.8552112676056338,0.20166320166320167,0.7994366197183098,0.7994366197183098,0.7832446808510638
46,MusicDelta_Rockabilly,Salamon,0.866812911313068,0.17109375,0.8035098715136321,0.864619241617048,0.7917691791545516
47,NightPanther_Fire,Salamon,0.8692592592592593,0.3095679830373708,0.7475,0.8294907407407407,0.7024692030960428
48,PortStWillow_StayEven,Salamon,0.8251757706868578,0.5116150581380748,0.746281773931855,0.7564223904813413,0.5442676383878706
49,PurlingHiss_Lolita,Salamon,0.8575016421312932,0.5837988826815642,0.2780031683474363,0.534909779374831,0.32374997168037334
50,Schubert_Erstarrung,Salamon,0.7603369065849923,0.45801919122686774,0.42457886676875956,0.5938525486764384,0.45032714648150624
51,Schumann_Mignon,Salamon,0.7778239325876035,0.3561987041036717,0.7282734474675845,0.8119751950864909,0.6476876187110738
52,SecretMountains_HighHorse,Salamon,0.6760946647975592,0.4283185840707965,0.18462933949039334,0.38280970836425604,0.32427622017929164
53,Snowmine_Curfews,Salamon,0.8826621035262483,0.4913670918696044,0.6230520075780724,0.705127421621952,0.5394561984517054
54,StevenClark_Bounty,Salamon,0.7995169082125604,0.3530285148665626,0.5775913212984152,0.6628104076616662,0.5898124937330793
55,StrandOfOaks_Spacestation,Salamon,0.8988780852655198,0.34299381961660674,0.7884816753926701,0.8458489154824234,0.6941131662262848
56,SweetLights_YouLetMeDown,Salamon,0.7562445941341441,0.451858913250715,0.6067412785364191,0.6949125887872514,0.5473676416142169
57,TheDistricts_Vermont,Salamon,0.899327655759749,0.39516271405873005,0.45862841774988794,0.6983863738233976,0.5105462687326667
58,TheScarletBrand_LesFleursDuMal,Salamon,0.7159938154956194,0.2776484785794328,0.3047242741796942,0.4779247551967016,0.4501691934157952
59,TheSoSoGlos_Emergency,Salamon,0.8665804305645385,0.5584531371893459,0.13046290307678093,0.6099972281252888,0.32309082693176683
60,Wolf_DieBekherte,Salamon,0.8818940741754482,0.11056650014138938,0.8917476392500342,0.9006888371880845,0.8679065478020289
61,AClassicEducation_NightOwl,Bittner,0.566330074264038,0.1244337616714431,0.659133408131645,0.7173158091574504,0.6440035213652062
62,AimeeNorwich_Child,Bittner,0.7084450402144772,0.10992307320141274,0.9078418230563002,0.9247654155495979,0.8186781168532433
63,AlexanderRoss_GoodbyeBolero,Bittner,0.6052507399939943,0.24414322651414244,0.6034919136888164,0.6507657329157909,0.5692326883628098
64,AlexanderRoss_VelvetCurtain,Bittner,0.7126375387244952,0.3446585692425402,0.7178720222198484,0.7808140155966243,0.6290604655361112
65,Auctioneer_OurFutureFaces,Bittner,0.5548638953365689,0.33604271729457136,0.6063515509601182,0.6984068368854188,0.541090726313144
66,AvaLuna_Waterduct,Bittner,0.7075165806927045,0.15617363344051446,0.8333087693441414,0.8626381724392042,0.7877322587866578
67,BigTroubles_Phantom,Bittner,0.5468707109525117,0.29429289637836326,0.5669777655778204,0.6197502058742794,0.5341919171966973
68,BrandonWebster_DontHearAThing,Bittner,0.9580526425446212,0.3064399182651111,0.9695812209181193,0.9716646989374262,0.8153195806560704
69,BrandonWebster_YesSirICanFly,Bittner,0.7077287228568488,0.29095059076262086,0.7914994339816815,0.8238139343418751,0.6795222837168657
70,CelestialShore_DieForUs,Bittner,0.4945379391792146,0.04881304776829764,0.48885444346028933,0.6140389725420726,0.7629046369203849
71,ClaraBerryAndWooldog_AirTraffic,Bittner,0.644199368274533,0.07508928571428572,0.798436747149205,0.8410514481503293,0.725225074467017
72,ClaraBerryAndWooldog_Boys,Bittner,0.8003237992444684,0.25312435976234376,0.8261078131558434,0.8572285183186424,0.7271455047467756
73,ClaraBerryAndWooldog_Stella,Bittner,0.817483375298599,0.20569359881520488,0.9124539996126283,0.9249144554199754,0.7986951364175563
74,ClaraBerryAndWooldog_TheBadGuys,Bittner,0.7877811959238608,0.19822280017338534,0.9043453182080369,0.9176600653720438,0.7923599398276884
75,ClaraBerryAndWooldog_WaltzForMyVictims,Bittner,0.6541397533763946,0.37384181549617296,0.5012070202909897,0.723690219873426,0.5247013665993845
76,Creepoid_OldTree,Bittner,0.5851623548457395,0.14714880385174783,0.7188755020080321,0.7691852682046013,0.6545716480983481
77,Debussy_LenfantProdigue,Bittner,0.8170540718760303,0.391166970931049,0.8404632377184306,0.8827893175074184,0.7053965615748196
78,DreamersOfTheGhetto_HeavyLove,Bittner,0.7582143784064366,0.3715571614211911,0.6386192577212562,0.662496755774721,0.5981187027707808
79,FacesOnFilm_WaitingForGa,Bittner,0.6787378146654661,0.3106852805350602,0.6891907763379399,0.7688212034608307,0.6136722094542832
80,FamilyBand_Again,Bittner,0.8053479787521383,0.36188900203665986,0.8516251012874764,0.8555865670298011,0.6729632299927902
81,Handel_TornamiAVagheggiar,Bittner,0.8799694984575924,0.5693674856246733,0.7824685452843922,0.8086721430799626,0.6460849645980842
82,HeladoNegro_MitadDelMundo,Bittner,0.3237721021611002,0.17546500376303623,0.43756385068762277,0.5405893909626719,0.5891403581574999
83,HezekiahJones_BorrowedHeart,Bittner,0.4122322703474536,0.23434921867417258,0.42831984769157544,0.5745359352689196,0.5238129565551711
84,HopAlong_SisterCities,Bittner,0.6001552247230649,0.17648207832796173,0.7311790023283709,0.7772525224017498,0.6823283631001147
85,InvisibleFamiliars_DisturbingWildlife,Bittner,0.7706664107853956,0.19695799417741072,0.8544835196468838,0.879575876793168,0.7613738918086744
86,LizNelson_Coldwar,Bittner,0.8131361412585053,0.19285279540909486,0.9026036101895069,0.9162683461733115,0.7961685562081683
87,LizNelson_ImComingHome,Bittner,0.9513625242554627,0.3764137931034483,0.8276385725132878,0.8318147304479878,0.7589158806047293
88,LizNelson_Rainfall,Bittner,0.772615518114108,0.29497712631873774,0.8150263938101092,0.8245715525345289,0.7034841075794621
89,MatthewEntwistle_DontYouEver,Bittner,0.5903369481022464,0.1888554863646124,0.6066034082106894,0.6962625871417506,0.6287547092964056
90,MatthewEntwistle_Lontano,Bittner,0.3000483412895039,0.14338194977519464,0.487280198199287,0.522206779865853,0.4529569892473118
91,Meaxic_TakeAStep,Bittner,0.7652531371700563,0.1871176902373379,0.8615318044136737,0.8841565185139395,0.7570941645106977
92,Meaxic_YouListen,Bittner,0.5059413470221968,0.23277852441503843,0.6013356148105898,0.6853937924806313,0.5916142734573892
93,Mozart_BesterJungling,Bittner,0.8516990078145579,0.35844875346260385,0.8690403020458337,0.8886205988234261,0.7613507567171145
94,Mozart_DiesBildnis,Bittner,0.8384315409108798,0.37800538147730234,0.8220814997674502,0.875138635469214,0.7122263883259019
95,MusicDelta_80sRock,Bittner,0.9125581395348837,0.270873786407767,0.9276744186046512,0.9406976744186046,0.8342767295597484
96,MusicDelta_Beatles,Bittner,0.8237362637362637,0.2296037296037296,0.8692307692307693,0.8795604395604396,0.7748164698372167
97,MusicDelta_Britpop,Bittner,0.748422712933754,0.3484609313338595,0.6608832807570978,0.7457939011566772,0.6063426948564216
98,MusicDelta_Country1,Bittner,0.880716934487021,0.3604947253546744,0.8683559950556242,0.8958590852904821,0.7428571428571429
99,MusicDelta_Country2,Bittner,0.8434421980300674,0.22727272727272727,0.9087610160705029,0.9186106791083463,0.8017958097771866
100,MusicDelta_Disco,Bittner,0.8403006589785832,0.1726917854718262,0.891165568369028,0.9025947281713345,0.8183848157796799
101,MusicDelta_Gospel,Bittner,0.9799040876912537,0.23455350897645139,0.9898378625256908,0.990180406485499,0.9061853299609105
102,MusicDelta_Grunge,Bittner,0.719,0.39925256929305514,0.722,0.7835,0.6176674525031203
103,MusicDelta_Hendrix,Bittner,0.875,0.21749271137026238,0.8603286384976526,0.9178403755868545,0.7990640538169055
104,MusicDelta_Punk,Bittner,0.9170412750306498,0.09011164274322168,0.9354311401716388,0.9387004495300367,0.9021190716448032
105,MusicDelta_Reggae,Bittner,0.82842287694974,0.11752021563342319,0.8665511265164645,0.91421143847487,0.8454636091724825
106,MusicDelta_Rock,Bittner,0.49352112676056337,0.17463617463617465,0.5025352112676056,0.6129577464788732,0.46897163120567376
107,MusicDelta_Rockabilly,Bittner,0.7345659667815732,0.23125,0.7646505797555625,0.8254465684738327,0.690896891075822
108,NightPanther_Fire,Bittner,0.7225462962962963,0.294394381129075,0.7514351851851852,0.7972685185185185,0.6656219339365529
109,PortStWillow_StayEven,Bittner,0.6827339102217415,0.36773901906125217,0.7497971876690103,0.7512844780962683,0.6237754298584535
110,PurlingHiss_Lolita,Bittner,0.3431088443259534,0.10023003614853762,0.5176384220084231,0.652447741586492,0.5480640703232968
111,Schubert_Erstarrung,Bittner,0.7041675782104573,0.3528958190541467,0.6494202581492015,0.7072303653467512,0.5969087995727066
112,Schumann_Mignon,Bittner,0.8882295344628075,0.369244060475162,0.9392635670415097,0.9509539210159333,0.8016917708379345
113,SecretMountains_HighHorse,Bittner,0.47271927654544954,0.21440064360418343,0.6505593579065996,0.7230697342019186,0.5613069675544161
114,Snowmine_Curfews,Bittner,0.7315895618162929,0.237372761242108,0.7914807798081036,0.8112815498380492,0.7324023878330205
115,StevenClark_Bounty,Bittner,0.6200525468260022,0.14169870940724102,0.7776930248326129,0.8100262734130012,0.7273237741903138
116,StrandOfOaks_Spacestation,Bittner,0.8133133881824981,0.29107161562903733,0.8534031413612565,0.8600598354525056,0.7185126996595967
117,SweetLights_YouLetMeDown,Bittner,0.6887531779938668,0.282377774751464,0.6233323722905145,0.6614945089508033,0.5985190670122177
118,TheDistricts_Vermont,Bittner,0.6667413715822501,0.1721297004648973,0.7234872254594352,0.8189601075750784,0.7126682441543902
119,TheScarletBrand_LesFleursDuMal,Bittner,0.4953100841779763,0.33014395310749073,0.43552654183130046,0.5374334306820134,0.483224042671153
120,TheSoSoGlos_Emergency,Bittner,0.6707012843019495,0.14850105873175082,0.7394437771412732,0.8148387692876282,0.7589766762834996
121,Wolf_DieBekherte,Bittner,0.9522831987591807,0.33320765387878215,0.9632772227544364,0.9657862323799097,0.8480479557331694
122,AClassicEducation_NightOwl,Hsieh,0.8334134743815782,0.24119441619672738,0.6711011380028851,0.6828017310466421,0.7032234035349089
123,AimeeNorwich_Child,Hsieh,0.9235924932975871,0.15927234021965261,0.8083947721179625,0.8522117962466488,0.8288912743444257
124,AlexanderRoss_GoodbyeBolero,Hsieh,0.6275149071253915,0.3013398103894069,0.37617433829522545,0.42773797777873107,0.49027000055441594
125,AlexanderRoss_VelvetCurtain,Hsieh,0.8480931524409785,0.3716765493496557,0.5903856425595556,0.6168785386176691,0.6082884834534972
126,Auctioneer_OurFutureFaces,Hsieh,0.7707849757332771,0.4602195194304361,0.49256172188225367,0.5380882042625026,0.5147859596213454
127,AvaLuna_Waterduct,Hsieh,0.8366985998526161,0.2122829581993569,0.5694178334561533,0.5905674281503316,0.7214013879561226
128,BigTroubles_Phantom,Hsieh,0.7873318693384573,0.46019923657015177,0.5049409827065605,0.5331457589898435,0.5197329435467941
129,BrandonWebster_DontHearAThing,Hsieh,0.9719424960066672,0.5516445850636083,0.7551913327314397,0.7587332453642615,0.5977680081163341
130,BrandonWebster_YesSirICanFly,Hsieh,0.9762272306267367,0.6721267454350162,0.7150355047854277,0.7224451991355356,0.5470434022720653
131,CelestialShore_DieForUs,Hsieh,0.8678771774431651,0.19565848279064368,0.3176114555653971,0.41526424564511366,0.6669791276090489
132,ClaraBerryAndWooldog_AirTraffic,Hsieh,0.8693720220568553,0.36473214285714284,0.6150222174634616,0.6493923657583383,0.6226111985006192
133,ClaraBerryAndWooldog_Boys,Hsieh,0.9610841278407387,0.4097520999795124,0.7241710139713378,0.7462373328536307,0.6747229471613904
134,ClaraBerryAndWooldog_Stella,Hsieh,0.8859190393182258,0.3761724535132467,0.747433662599264,0.7822325521337724,0.6806049822064056
135,ClaraBerryAndWooldog_TheBadGuys,Hsieh,0.9229475100942126,0.5771564802774165,0.8147952316862141,0.840655643145549,0.6086976341341113
136,ClaraBerryAndWooldog_WaltzForMyVictims,Hsieh,0.5996607294317218,0.25278635692225054,0.39224897240164414,0.4738696418085731,0.5671883789417954
137,Creepoid_OldTree,Hsieh,0.7456181314404906,0.21495561462460505,0.6316117181905918,0.6779988169733197,0.6903764886669228
138,Debussy_LenfantProdigue,Hsieh,0.9553247609627432,0.6485044235360202,0.48578140454995056,0.5146719419716452,0.436113852386641
139,DreamersOfTheGhetto_HeavyLove,Hsieh,0.936568907344926,0.2562517828278026,0.6427718660783804,0.6736568907344926,0.705466782115869
140,FacesOnFilm_WaitingForGa,Hsieh,0.8648944916415456,0.17453155687669197,0.6795599577183573,0.7116626864502995,0.7414942994907846
141,FamilyBand_Again,Hsieh,0.970919240118844,0.6315342837746096,0.8424417034302693,0.8617088322679392,0.5202883922134103
142,Handel_TornamiAVagheggiar,Hsieh,0.8522061626980001,0.7585990590695243,0.47918616339121695,0.512425912446709,0.41998125780924617
143,HeladoNegro_MitadDelMundo,Hsieh,0.9295874263261297,0.5162348134609182,0.42035363457760316,0.482278978388998,0.4580074695949181
144,HezekiahJones_BorrowedHeart,Hsieh,0.6616849119466921,0.45646898961467536,0.40152308424559735,0.474869109947644,0.47183775470972705
145,HopAlong_SisterCities,Hsieh,0.5887603189162492,0.22106651040140637,0.494143794538912,0.5906300712622592,0.6135916762248075
146,InvisibleFamiliars_DisturbingWildlife,Hsieh,0.934942186825313,0.3444239795615234,0.761118840857842,0.775560140094996,0.7139671922280618
147,LizNelson_Coldwar,Hsieh,0.9013102401169656,0.44726545517781063,0.6474160715289884,0.6573131642579992,0.6102308427810409
148,LizNelson_ImComingHome,Hsieh,0.9959503923057453,0.5657931034482758,0.6501307685817936,0.6565426474310301,0.5995606667528104
149,LizNelson_Rainfall,Hsieh,0.9291344276520356,0.621884044440295,0.6379347747487165,0.6529033191120109,0.5245313773431133
150,MatthewEntwistle_DontYouEver,Hsieh,0.8002517428350117,0.3632166630878248,0.5754260263361735,0.5964368706429125,0.6045209245494348
151,MatthewEntwistle_Lontano,Hsieh,0.41274397244546496,0.0793398398947253,0.23291437549096622,0.33479364312043025,0.4772479351721988
152,Meaxic_TakeAStep,Hsieh,0.568739568523212,0.17977734279422558,0.46430116832540025,0.5127032206218706,0.5837747936429716
153,Meaxic_YouListen,Hsieh,0.46342506773135606,0.21847754919190876,0.37889158229953895,0.4672988259898284,0.543229672138065
154,Mozart_BesterJungling,Hsieh,0.8601720958819914,0.4940443213296399,0.5144876635349899,0.5863113530599702,0.5124341622774852
155,Mozart_DiesBildnis,Hsieh,0.9399305928231548,0.5173162051905217,0.5157597223712926,0.5437730313763371,0.5061055938386705
156,MusicDelta_80sRock,Hsieh,0.9583720930232558,0.2383495145631068,0.804186046511628,0.8081395348837209,0.7904088050314465
157,MusicDelta_Beatles,Hsieh,0.9936263736263736,0.6334498834498834,0.7197802197802198,0.7243956043956044,0.6230450047877434
158,MusicDelta_Britpop,Hsieh,0.9852786540483701,0.7955801104972375,0.6721871713985279,0.6937434279705573,0.48516882297254654
159,MusicDelta_Country1,Hsieh,0.9796044499381953,0.6136777009821753,0.7178615574783683,0.7221878862793573,0.5655806182121972
160,MusicDelta_Country2,Hsieh,0.8776568170036289,0.5890538033395176,0.5686884396060135,0.6153447382063245,0.5121383438643166
161,MusicDelta_Disco,Hsieh,0.8748970345963756,0.2979463679565513,0.45850494233937394,0.4659184514003295,0.5920171194640863
162,MusicDelta_Gospel,Hsieh,0.9877825987668417,0.5252972720913966,0.7989266955926011,0.7993834208723453,0.6923430673718096
163,MusicDelta_Grunge,Hsieh,0.89175,0.310495172843351,0.41125,0.4965,0.5351546248786576
164,MusicDelta_Hendrix,Hsieh,0.9284037558685446,0.5212827988338192,0.5363849765258216,0.6431924882629108,0.5074583211465341
165,MusicDelta_Punk,Hsieh,0.45484266448712707,0.061802232854864435,0.30036779730281976,0.4184715978749489,0.6232088799192734
166,MusicDelta_Reggae,Hsieh,0.987001733102253,0.45983827493261453,0.6395147313691508,0.6707105719237435,0.5782652043868395
167,MusicDelta_Rock,Hsieh,0.9814084507042253,0.9667359667359667,0.43661971830985913,0.4484507042253521,0.35062056737588654
168,MusicDelta_Rockabilly,Hsieh,0.9902851770604826,0.55,0.7032278282670009,0.7170166092134127,0.6307313800044733
169,NightPanther_Fire,Hsieh,0.9259722222222222,0.670752716671084,0.6977314814814815,0.7437037037037038,0.5461681020385916
170,PortStWillow_StayEven,Hsieh,0.828691184424013,0.42386800271227304,0.6444699837750135,0.6519064359113034,0.594642105070407
171,PurlingHiss_Lolita,Hsieh,0.4219697847842046,0.14344396976667761,0.24044665971175766,0.3343765696843244,0.49529894197874896
172,Schubert_Erstarrung,Hsieh,0.9361737037847299,0.7069054146675805,0.3754648873331875,0.4211332312404288,0.3433702764053946
173,Schumann_Mignon,Hsieh,0.8806041005251758,0.6234989200863931,0.5226834406432662,0.5471916446607127,0.4853129555192367
174,SecretMountains_HighHorse,Hsieh,0.5937989609961244,0.1596540627514079,0.4956158434347599,0.5400346334625217,0.6355546121062686
175,Snowmine_Curfews,Hsieh,0.8675059585650553,0.3033436412833398,0.6895434822465318,0.7251115321151378,0.6942012782922353
176,StevenClark_Bounty,Hsieh,0.9005847953216374,0.4818212966840522,0.6495889482159505,0.6869226205610645,0.5803669908753635
177,StrandOfOaks_Spacestation,Hsieh,0.8468212415856395,0.38569782464471525,0.6854151084517577,0.706357516828721,0.6369349425123187
178,SweetLights_YouLetMeDown,Hsieh,0.9065604277514219,0.4432793136320305,0.6820957722852724,0.7093806515870311,0.6275601629026286
179,TheDistricts_Vermont,Hsieh,0.7785298072613178,0.25228035073265465,0.5851636037651278,0.6664276109367996,0.65544614914892
180,TheScarletBrand_LesFleursDuMal,Hsieh,0.6489263013227967,0.3888026894233256,0.3969077478096547,0.44229513829238964,0.49196092301221633
181,TheSoSoGlos_Emergency,Hsieh,0.7945116880716991,0.22116349047141423,0.5659244202162063,0.6219162893837199,0.6987382251729292
182,Wolf_DieBekherte,Hsieh,0.9731764061858492,0.4678103497030823,0.6959992701062908,0.7041649559782857,0.6425760836151245
183,AClassicEducation_NightOwl,Kum,0.7138430304001709,0.11981140796893779,0.6319923064593684,0.6754821819736069,0.7228956456964855
184,AimeeNorwich_Child,Kum,0.6909349865951743,0.023319947747834923,0.6837298927613941,0.7443867292225201,0.8694372028829934
185,AlexanderRoss_GoodbyeBolero,Kum,0.5477671485564755,0.1581524719893442,0.4646089828836172,0.4906696409420445,0.5980761767477962
186,AlexanderRoss_VelvetCurtain,Kum,0.7574404443969661,0.08698355011476665,0.6930883452622583,0.7081722038243777,0.796872355549538
187,Auctioneer_OurFutureFaces,Kum,0.6814728845748048,0.24081874814595075,0.6111521418020679,0.6220721671238658,0.6808243277205328
188,AvaLuna_Waterduct,Kum,0.7673544583640384,0.053247588424437296,0.6930729550478998,0.7516580692704495,0.8696888291918513
189,BigTroubles_Phantom,Kum,0.6772577545978589,0.3875802997858672,0.5838594564919023,0.6036920120779578,0.5959783510449176
190,BrandonWebster_DontHearAThing,Kum,0.9592332800888951,0.2885768901193066,0.9406208764497535,0.9415237169247864,0.8230300980723706
191,BrandonWebster_YesSirICanFly,Kum,0.9332098384274982,0.2822234156820623,0.9005866008027169,0.9060409591437687,0.8212642004078066
192,CelestialShore_DieForUs,Kum,0.4977118393858872,0.03900400487550061,0.2802627694124594,0.3143637437260112,0.768883056284631
193,ClaraBerryAndWooldog_AirTraffic,Kum,0.7224155468708175,0.059821428571428574,0.6736977354248086,0.6975748166390063,0.7735868000937113
194,ClaraBerryAndWooldog_Boys,Kum,0.8717994843197218,0.16943249334152838,0.7925286322480062,0.8092582598788751,0.8065736223003895
195,ClaraBerryAndWooldog_Stella,Kum,0.7728710697914649,0.10498601283528057,0.761830976822261,0.7621537865582027,0.8338374851720047
196,ClaraBerryAndWooldog_TheBadGuys,Kum,0.7717265910401846,0.07745990463805809,0.7656700634493366,0.7726879446260334,0.8481560833295346
197,ClaraBerryAndWooldog_WaltzForMyVictims,Kum,0.41182227441769426,0.030347791056801396,0.4056893064526652,0.4180204867227768,0.6836305880017206
198,Creepoid_OldTree,Kum,0.6823262040409701,0.07858969858067105,0.5817689362099561,0.6309268080072227,0.7118517095658855
199,Debussy_LenfantProdigue,Kum,0.909330695680844,0.18922904086504705,0.8652324431256182,0.8746290801186943,0.8450890770269568
200,DreamersOfTheGhetto_HeavyLove,Kum,0.880768232546068,0.08313524135526608,0.7900337399429016,0.80384116273034,0.8687814861460957
201,FacesOnFilm_WaitingForGa,Kum,0.7633402497748895,0.05987578958543447,0.7035587049289433,0.7299064322906471,0.8039745842909287
202,FamilyBand_Again,Kum,0.9088862879265328,0.3986337406653089,0.8833168272260736,0.8940307913928154,0.6916798846431146
203,Handel_TornamiAVagheggiar,Kum,0.5980035354060518,0.30778881338212233,0.47163009947662127,0.5191501161138262,0.5265514369012911
204,HeladoNegro_MitadDelMundo,Kum,0.6457367387033399,0.07515320933232986,0.5106483300589391,0.5509626719056975,0.7565997382449644
205,HezekiahJones_BorrowedHeart,Kum,0.5466444550214183,0.12928273318450936,0.4849119466920514,0.5644930985245121,0.6759419454056133
206,HopAlong_SisterCities,Kum,0.6127848726451703,0.11983592147670671,0.5956043180695689,0.6931842235236012,0.7149557594625594
207,InvisibleFamiliars_DisturbingWildlife,Kum,0.7678837019622895,0.11853128156378112,0.7252314925874395,0.7538742023701003,0.7950310559006211
208,LizNelson_Coldwar,Kum,0.8343923972333127,0.19224415268237544,0.8144295113310465,0.8175223528088624,0.8118084961070892
209,LizNelson_ImComingHome,Kum,0.9850248882139543,0.3915862068965517,0.732050957563486,0.7374082510756771,0.7030947150794676
210,LizNelson_Rainfall,Kum,0.8335020608865428,0.0260013070675007,0.8034926603514354,0.8102899703521586,0.8779136104319478
211,MatthewEntwistle_DontYouEver,Kum,0.6826103795507359,0.07912819411638394,0.655596436870643,0.6581138652207591,0.7813868241523266
212,MatthewEntwistle_Lontano,Kum,0.2756964167019155,0.005592718499835508,0.17970874373073903,0.31530606078917156,0.4691444600280505
213,Meaxic_TakeAStep,Kum,0.6431971317302343,0.1726205040371911,0.6116708907708475,0.6281758051554677,0.6840786826003039
214,Meaxic_YouListen,Kum,0.4637102523884215,0.1776077742168924,0.448666761728219,0.5185845334854318,0.6012068019747668
215,Mozart_BesterJungling,Kum,0.6616911054526298,0.09750692520775624,0.621125647554658,0.7323733426990956,0.6888459230615375
216,Mozart_DiesBildnis,Kum,0.8383242102250367,0.12611752452044092,0.7976816571857894,0.8238345676362205,0.8199229833806242
217,MusicDelta_80sRock,Kum,0.9258139534883721,0.05145631067961165,0.9037209302325582,0.9067441860465116,0.9182389937106918
218,MusicDelta_Beatles,Kum,0.9114285714285715,0.12237762237762238,0.845054945054945,0.8518681318681318,0.8539738270028726
219,MusicDelta_Britpop,Kum,0.9121976866456362,0.30347277032359904,0.7565720294426919,0.794689800210305,0.7325654780687915
220,MusicDelta_Country1,Kum,0.9289245982694685,0.07639141506002183,0.9004944375772559,0.9008034610630408,0.9111111111111111
221,MusicDelta_Country2,Kum,0.8444790046656299,0.09554730983302412,0.80248833592535,0.8128564022809746,0.8390422347855006
222,MusicDelta_Disco,Kum,0.889003294892916,0.04489137813985065,0.8034390444810544,0.8065280065897859,0.8865835504279866
223,MusicDelta_Gospel,Kum,0.9840146152089518,0.19351830263464678,0.9709979447362411,0.9716830326558575,0.9169157660764927
224,MusicDelta_Grunge,Kum,0.8115,0.10090314543755839,0.728,0.73325,0.8041880460407711
225,MusicDelta_Hendrix,Kum,0.9295774647887324,0.15335276967930028,0.8796948356807511,0.8931924882629108,0.8631178707224335
226,MusicDelta_Punk,Kum,0.7785042909685329,0.06299840510366826,0.6272987331426236,0.6971802206783817,0.7840565085771948
227,MusicDelta_Reggae,Kum,0.9792027729636048,0.1778975741239892,0.9176776429809359,0.9176776429809359,0.8587570621468926
228,MusicDelta_Rock,Kum,0.8833802816901408,0.2972972972972973,0.7459154929577465,0.752112676056338,0.7367021276595744
229,MusicDelta_Rockabilly,Kum,0.8896897524287057,0.07734375,0.853337511751802,0.861172046380445,0.8731827331693134
230,NightPanther_Fire,Kum,0.8480555555555556,0.24238006891068115,0.7689351851851852,0.7985185185185185,0.764281042189033
231,PortStWillow_StayEven,Kum,0.684559221200649,0.17667445189482409,0.6416306111411574,0.6583964305029746,0.7741114427496292
232,PurlingHiss_Lolita,Kum,0.3807812681117422,0.09541023113155876,0.3183802789691279,0.3675669409991886,0.560864541561884
233,Schubert_Erstarrung,Kum,0.788995843360315,0.26482179575051407,0.7041128855830234,0.7381316998468607,0.7162171184403793
234,Schumann_Mignon,Kum,0.7180369700026704,0.0904535637149028,0.696614544699285,0.7211227487167314,0.7510490746057688
235,SecretMountains_HighHorse,Kum,0.30900744894312965,0.029525341914722447,0.2998818064374261,0.34660949396663093,0.5721003902614261
236,Snowmine_Curfews,Kum,0.8477051885351097,0.12685220976678263,0.8060869033795759,0.8194096437083664,0.8500010546965638
237,StevenClark_Bounty,Kum,0.8239257564200356,0.18418547987969697,0.7702771421306891,0.8157047207390457,0.7942645141883085
238,StrandOfOaks_Spacestation,Kum,0.637771129394166,0.09033136631865638,0.618623784592371,0.630815258040389,0.8170392058844533
239,SweetLights_YouLetMeDown,Kum,0.8187036406049327,0.19552635162740026,0.7205200115325138,0.727046365947632,0.7570381340244354
240,TheDistricts_Vermont,Kum,0.8341999103541013,0.16765727064085212,0.744016136261766,0.7807709547288212,0.7822049207439635
241,TheScarletBrand_LesFleursDuMal,Kum,0.6272805359903797,0.15964141022325662,0.5022161140697474,0.5364370383095688,0.6522071615653736
242,TheSoSoGlos_Emergency,Kum,0.8758200129354153,0.17424495709350274,0.8250947057193014,0.8414487665157535,0.8255066217108693
243,Wolf_DieBekherte,Kum,0.85602846585466,0.054482043547931,0.8355914419962593,0.8572145431321564,0.871441746080541
244,AClassicEducation_NightOwl,Feng,0.9887802532457125,0.7197004714800777,0.8200566330074264,0.8311160976652241,0.622367440915555
245,AimeeNorwich_Child,Feng,0.8816186327077749,0.2964342735497605,0.72796581769437,0.767426273458445,0.7124980831160865
246,AlexanderRoss_GoodbyeBolero,Feng,0.7416026768478401,0.18827861787980882,0.5371069452189953,0.5603792201106773,0.6342656761102179
247,AlexanderRoss_VelvetCurtain,Feng,0.7573763486806965,0.1529265493496557,0.6449524623437667,0.6695011216750347,0.7403332994843674
248,Auctioneer_OurFutureFaces,Feng,0.8960223675880987,0.6213586472856719,0.7091686009706689,0.7287929943025955,0.5536008489011757
249,AvaLuna_Waterduct,Feng,0.7913043478260869,0.30430868167202574,0.6759764185703758,0.7247605011053795,0.6897022610252966
250,BigTroubles_Phantom,Feng,0.9592368926708756,0.7193929801694442,0.7727834202580292,0.7754597858907494,0.5639394777387113
251,BrandonWebster_DontHearAThing,Feng,0.9460379192999514,0.2425680574780832,0.8697131745260087,0.8788804778109591,0.8121068650659452
252,BrandonWebster_YesSirICanFly,Feng,0.8279304312030462,0.28517722878625135,0.7328393537099928,0.755788823711022,0.7250218467812409
253,CelestialShore_DieForUs,Feng,0.7507381163271332,0.1723547507110105,0.5381606141127842,0.5882787127251254,0.7459484231137774
254,ClaraBerryAndWooldog_AirTraffic,Feng,0.8702821350179346,0.32776785714285717,0.6929171797205418,0.7212912896836019,0.6851634927541083
255,ClaraBerryAndWooldog_Boys,Feng,0.9363194819212088,0.2809875025609506,0.805360676380644,0.8169335012292379,0.773478573319717
256,ClaraBerryAndWooldog_Stella,Feng,0.7847504680741171,0.13548351708628162,0.7347795209503518,0.7402027245141714,0.8049228944246738
257,ClaraBerryAndWooldog_TheBadGuys,Feng,0.7195731590078831,0.10164716081491114,0.6927994616419919,0.6963564699096327,0.8008843506404705
258,ClaraBerryAndWooldog_WaltzForMyVictims,Feng,0.45853722189600055,0.07506378407412381,0.3486005089058524,0.38598551575650814,0.6326395552761325
259,Creepoid_OldTree,Feng,0.9776158899162541,0.8394102011133958,0.5657358114629059,0.6068926870271785,0.41056473300038415
260,Debussy_LenfantProdigue,Feng,0.9694197164523574,0.6310209240275242,0.795911638641609,0.8258325090669304,0.6380044668363372
261,DreamersOfTheGhetto_HeavyLove,Feng,0.9625227095769531,0.6454629013343476,0.6841422268362315,0.703815208928108,0.47949464735516373
262,FacesOnFilm_WaitingForGa,Feng,0.9884116979211526,0.7068315728011041,0.8047214501037466,0.818815331010453,0.5875805506736965
263,FamilyBand_Again,Feng,0.9295039164490861,0.4101748133061779,0.8669307643828217,0.875663995678401,0.6785868781542899
264,Handel_TornamiAVagheggiar,Feng,0.9936224047693321,0.7990590695243074,0.7906138435409518,0.805240719559114,0.6437942523948355
265,HeladoNegro_MitadDelMundo,Feng,0.9295874263261297,0.6131061176217611,0.5609430255402751,0.5907269155206287,0.4575924920994669
266,HezekiahJones_BorrowedHeart,Feng,0.7820561637315564,0.5884693778511113,0.5840552118039029,0.6278438838648263,0.4986303344867359
267,HopAlong_SisterCities,Feng,0.8394482466661963,0.5391639808575056,0.7227474775982502,0.7695971212869541,0.6128952973947239
268,InvisibleFamiliars_DisturbingWildlife,Feng,0.8691167298373554,0.3334917711365932,0.7530585808185002,0.7943674135201266,0.7143918883049318
269,LizNelson_Coldwar,Feng,0.8632964066805376,0.3429267020259108,0.7998088061631896,0.8030141146038351,0.7437508537085098
270,LizNelson_ImComingHome,Feng,0.9968784274023454,0.4828965517241379,0.7698894794566776,0.7731376022947777,0.7106861351595813
271,LizNelson_Rainfall,Feng,0.6311374647479934,0.08220520959760994,0.5699978306457445,0.5811700050618266,0.721801140994295
272,MatthewEntwistle_DontYouEver,Feng,0.8201006971340047,0.2912819411638394,0.6269364833462432,0.6746707978311387,0.6657163221667854
273,MatthewEntwistle_Lontano,Feng,0.8566378633150039,0.6366926198048032,0.543899933530727,0.58021632727053,0.4797413121396291
274,Meaxic_TakeAStep,Feng,0.9132410212029425,0.548690971372645,0.7630586635346479,0.7776472769982073,0.658412385528315
275,Meaxic_YouListen,Feng,0.7831883644659917,0.3652779213618664,0.5603403203574314,0.6095109083131327,0.5907000295371113
276,Mozart_BesterJungling,Feng,0.9892001053648257,0.6826869806094182,0.853235578189481,0.866318377381684,0.7242482832188812
277,Mozart_DiesBildnis,Feng,0.9929519516296376,0.6295460463501432,0.8264462809917356,0.8523129762799184,0.6933522496959871
278,MusicDelta_80sRock,Feng,0.9974418604651163,0.8548543689320388,0.9065116279069767,0.9134883720930232,0.6599056603773585
279,MusicDelta_Beatles,Feng,0.981978021978022,0.6958041958041958,0.8259340659340659,0.829010989010989,0.6830513884455793
280,MusicDelta_Britpop,Feng,0.9839642481598317,0.7750591949486977,0.8572555205047319,0.8590956887486856,0.604449353108236
281,MusicDelta_Country1,Feng,0.8952410383189122,0.33794106947981084,0.8263288009888752,0.8362175525339925,0.7508771929824561
282,MusicDelta_Country2,Feng,0.9279419388284085,0.46660482374768086,0.7858994297563504,0.8040435458786936,0.6953774526105754
283,MusicDelta_Disco,Feng,0.952327018121911,0.26230482009504413,0.7939662273476112,0.8065280065897859,0.7631187197618161
284,MusicDelta_Gospel,Feng,0.9934916647636447,0.38890184192119376,0.9400548070335694,0.9416533455126741,0.8319153828466314
285,MusicDelta_Grunge,Feng,0.938,0.5079414512612893,0.69125,0.72125,0.6025516571904036
286,MusicDelta_Hendrix,Feng,0.9935446009389671,0.5965014577259475,0.8802816901408451,0.8896713615023474,0.6411231354197133
287,MusicDelta_Punk,Feng,0.9791581528402125,0.3397129186602871,0.7719656722517368,0.7809562729873314,0.715438950554995
288,MusicDelta_Reggae,Feng,0.9748700173310225,0.2738544474393531,0.8076256499133448,0.8310225303292894,0.7573944832170156
289,MusicDelta_Rock,Feng,0.9667605633802817,0.6611226611226612,0.6377464788732394,0.6501408450704226,0.5740248226950354
290,MusicDelta_Rockabilly,Feng,0.9589470385459103,0.4765625,0.7593230962080852,0.7872140394860545,0.6917915455155447
291,NightPanther_Fire,Feng,0.9805555555555555,0.7007686191359661,0.6823611111111111,0.7264351851851852,0.5247737926523492
292,PortStWillow_StayEven,Feng,0.9454434829637642,0.6474547326653105,0.7870470524607897,0.7892779881016766,0.47023493435388475
293,PurlingHiss_Lolita,Feng,0.9397241219427379,0.7715521962975134,0.5858351686565434,0.6437927437116031,0.4380026733727543
294,Schubert_Erstarrung,Feng,0.9764274775760228,0.682145305003427,0.7104572303653468,0.7397177860424414,0.5574843103218053
295,Schumann_Mignon,Feng,0.8958252974512655,0.6021598272138229,0.8138444648844316,0.8271073791650595,0.7074959141304829
296,SecretMountains_HighHorse,Feng,0.7616338198510212,0.11259050683829445,0.6287347791429593,0.6426706247766691,0.7337404679871328
297,Snowmine_Curfews,Feng,0.9553871539448756,0.555340806597088,0.8208763674142884,0.828393326407138,0.5745143122323707
298,StevenClark_Bounty,Feng,0.9169844902110348,0.5157041154300073,0.7704042715484363,0.7902364607170099,0.6196931715632207
299,StrandOfOaks_Spacestation,Feng,0.8366492146596859,0.23104857013163868,0.7548990276738968,0.7636499626028422,0.7644790402056703
300,SweetLights_YouLetMeDown,Feng,0.9522711189159437,0.6158245948522403,0.7996749927921789,0.8059130343616492,0.6189411329137356
301,TheDistricts_Vermont,Feng,0.9715822501120573,0.4774318837168246,0.8536082474226804,0.8642761093679964,0.7104801160216777
302,TheScarletBrand_LesFleursDuMal,Feng,0.8609173681498025,0.4588397551935178,0.47840577220408864,0.5308366260092767,0.5062419943793374
303,TheSoSoGlos_Emergency,Feng,0.9346761526379007,0.37451242616739105,0.811327727986695,0.8270350180171856,0.6954013000104279
304,Wolf_DieBekherte,Feng,0.9918343141280052,0.49533415024978794,0.9282423247114638,0.9324392135395283,0.790101444820166
